report_date,product_id,qty_produced,qty_rejected,unit_cost
2025-01-01,102,17,0,11137
2025-01-01,105,28,0,8188
2025-01-01,103,45,0,5085
2025-01-01,101,11,1,32068
2025-01-02,103,31,0,4520
2025-01-02,102,36,0,11101
2025-01-02,105,37,3,7849
2025-01-03,101,12,1,30673
2025-01-03,102,18,0,12849
2025-01-03,105,23,1,7956
2025-01-04,101,16,0,31499
2025-01-04,105,44,2,7888
2025-01-05,103,27,1,5345
2025-01-05,101,45,0,31978
2025-01-05,105,17,0,8281
2025-01-06,103,33,0,4752
2025-01-06,102,38,1,10961
2025-01-06,101,16,0,29132
2025-01-07,104,44,1,14799
2025-01-07,102,48,0,12776
2025-01-07,101,18,0,28786
2025-01-07,105,32,0,8498
2025-01-08,102,46,3,12633
2025-01-08,104,14,0,15235
2025-01-08,101,48,0,30837
2025-01-09,105,41,0,7971
2025-01-09,103,41,0,4625
2025-01-09,101,48,0,31079
2025-01-10,101,11,0,28596
2025-01-10,104,15,0,13776
2025-01-11,105,37,0,8860
2025-01-11,101,10,0,29306
2025-01-11,102,22,1,10815
2025-01-12,104,33,2,14053
2025-01-12,103,41,0,4863
2025-01-12,105,21,0,8245
2025-01-12,102,46,0,10879
2025-01-13,103,46,0,5070
2025-01-13,101,11,0,29418
2025-01-14,101,26,1,28986
2025-01-14,102,43,0,11957
2025-01-14,105,25,1,7981
2025-01-15,101,28,1,31371
2025-01-15,102,29,0,11176
2025-01-15,104,42,0,14566
2025-01-16,102,32,0,12302
2025-01-16,105,16,0,8725
2025-01-17,103,10,0,5307
2025-01-17,102,46,1,11207
2025-01-18,101,33,0,31793
2025-01-18,102,20,2,12496
2025-01-19,105,44,3,7925
2025-01-19,101,27,0,29421
2025-01-19,102,45,1,11312
2025-01-20,102,26,0,11971
2025-01-20,101,31,0,28317
2025-01-21,101,36,0,28890
2025-01-21,104,42,0,14500
2025-01-21,102,14,0,11878
2025-01-22,103,37,0,4751
2025-01-22,102,15,0,10833
2025-01-22,105,33,0,8329
2025-01-22,104,40,2,15451
2025-01-23,102,12,0,12002
2025-01-23,104,40,1,15655
2025-01-23,103,33,0,5104
2025-01-23,101,32,0,29798
2025-01-24,105,48,0,8714
2025-01-24,103,44,0,5050
2025-01-24,104,16,0,15307
2025-01-25,102,37,0,11747
2025-01-25,101,31,0,27837
2025-01-26,101,31,0,27209
2025-01-26,103,24,0,4614
2025-01-26,104,42,1,13916
2025-01-27,103,39,0,5073
2025-01-27,105,25,3,8274
2025-01-28,102,37,1,11341
2025-01-28,104,35,2,15406
2025-01-28,105,18,0,7587
2025-01-29,105,34,0,7919
2025-01-29,104,25,0,14934
2025-01-29,102,14,0,11706
2025-01-30,105,38,0,7569
2025-01-30,104,39,1,15057
2025-01-30,102,21,0,12448
2025-01-31,105,46,0,8423
2025-01-31,103,14,1,4734
2025-02-01,101,10,0,30693
2025-02-01,104,25,0,14895
2025-02-01,105,37,0,8910
2025-02-02,102,46,0,12572
2025-02-02,105,49,2,7793
2025-02-02,101,22,0,29037
2025-02-03,104,26,0,14217
2025-02-03,101,19,0,31398
2025-02-04,103,20,1,5161
2025-02-04,105,30,2,8321
2025-02-05,102,44,0,11603
2025-02-05,105,48,0,8800
2025-02-06,102,32,1,11022
2025-02-06,105,26,0,8244
2025-02-07,102,45,0,12755
2025-02-07,101,21,0,32166
2025-02-08,105,25,0,7939
2025-02-08,101,34,0,28148
2025-02-08,102,32,1,11045
2025-02-08,103,48,3,4550
2025-02-09,101,21,0,31519
2025-02-09,102,26,0,10981
2025-02-09,104,22,0,14247
2025-02-09,103,36,1,4573
2025-02-10,102,31,1,12846
2025-02-10,105,34,0,8025
2025-02-11,105,36,0,7995
2025-02-11,104,12,0,14269
2025-02-11,102,29,0,11053
2025-02-11,101,48,1,30150
2025-02-12,102,42,0,12880
2025-02-12,104,41,0,14051
2025-02-12,105,25,0,8989
2025-02-13,101,27,0,28170
2025-02-13,102,24,0,12155
2025-02-14,102,20,0,12852
2025-02-14,101,17,0,27576
2025-02-14,105,17,0,8470
2025-02-15,105,45,3,8547
2025-02-15,103,26,0,4870
2025-02-15,101,22,0,27878
2025-02-16,104,14,0,14304
2025-02-16,105,39,1,7567
2025-02-16,102,42,1,11837
2025-02-17,104,34,2,15423
2025-02-17,102,22,0,10879
2025-02-17,105,10,0,7613
2025-02-17,103,37,1,5399
2025-02-18,102,46,1,11616
2025-02-18,104,30,0,13540
2025-02-18,105,22,0,8817
2025-02-19,101,43,0,31489
2025-02-19,102,21,1,12890
2025-02-19,105,39,1,8105
2025-02-20,104,20,0,13560
2025-02-20,103,43,0,5030
2025-02-20,102,39,0,10996
2025-02-20,101,43,0,29775
2025-02-21,101,26,2,27794
2025-02-21,105,26,0,7887
2025-02-21,103,33,0,5058
2025-02-21,102,11,0,12168
2025-02-22,102,25,0,11099
2025-02-22,104,17,0,15038
2025-02-22,101,34,1,29559
2025-02-22,105,38,3,8402
2025-02-23,105,37,0,7547
2025-02-23,102,15,0,11795
2025-02-23,104,35,1,13539
2025-02-23,101,35,0,27212
2025-02-24,105,39,0,8065
2025-02-24,104,26,0,15328
2025-02-25,102,31,0,12441
2025-02-25,104,23,0,15173
2025-02-26,102,12,1,11905
2025-02-26,101,27,0,29876
2025-02-26,105,24,0,8606
2025-02-27,104,35,0,13815
2025-02-27,102,22,0,12266
2025-02-27,103,12,0,4931
2025-02-28,104,28,0,14090
2025-02-28,105,35,0,7866
2025-02-28,101,15,0,28281
2025-02-28,103,31,0,4828
2025-03-01,101,40,0,31548
2025-03-01,105,12,0,8115
2025-03-01,104,45,3,15567
2025-03-02,101,39,0,30610
2025-03-02,105,11,0,8357
2025-03-02,102,14,0,11499
2025-03-02,103,28,0,5162
2025-03-03,105,47,0,7731
2025-03-03,103,45,0,5034
2025-03-03,104,15,0,13554
2025-03-03,102,32,0,11235
2025-03-04,102,18,1,12086
2025-03-04,105,33,0,8691
2025-03-04,103,40,2,5247
2025-03-05,102,43,0,10943
2025-03-05,101,49,1,27259
2025-03-05,103,38,0,5215
2025-03-06,105,46,1,8497
2025-03-06,101,35,2,28707
2025-03-06,103,34,0,4906
2025-03-07,105,32,0,8366
2025-03-07,104,26,1,14213
2025-03-07,102,23,0,11294
2025-03-08,105,16,1,8540
2025-03-08,101,24,1,29675
2025-03-08,104,39,1,15281
2025-03-08,102,47,1,12327
2025-03-09,105,19,0,8631
2025-03-09,103,47,0,4840
2025-03-09,104,33,0,14526
2025-03-09,102,17,0,11295
2025-03-10,105,45,0,7877
2025-03-10,101,14,1,32179
2025-03-11,101,35,0,29731
2025-03-11,104,34,0,15116
2025-03-11,103,21,0,5326
2025-03-12,101,37,0,27372
2025-03-12,102,38,0,12615
2025-03-13,104,35,1,13529
2025-03-13,103,10,1,4966
2025-03-13,105,49,0,8068
2025-03-13,102,18,0,12501
2025-03-14,105,34,1,8884
2025-03-14,102,16,0,12393
2025-03-14,104,26,0,13286
2025-03-15,104,15,0,14022
2025-03-15,105,38,0,8448
2025-03-15,101,37,0,29781
2025-03-15,102,26,2,11121
2025-03-16,105,16,0,7600
2025-03-16,102,32,0,12527
2025-03-16,101,41,0,30374
2025-03-17,105,11,0,8221
2025-03-17,104,39,0,13609
2025-03-18,102,41,0,12738
2025-03-18,101,43,0,27137
2025-03-19,102,12,0,12251
2025-03-19,103,17,0,5219
2025-03-19,101,12,1,30006
2025-03-20,101,25,0,30607
2025-03-20,105,30,0,7985
2025-03-20,102,27,0,10984
2025-03-21,102,45,0,12320
2025-03-21,104,10,1,14102
2025-03-21,101,11,0,27184
2025-03-21,103,29,0,4868
2025-03-22,103,44,2,5187
2025-03-22,104,33,0,14693
2025-03-22,105,32,1,8137
2025-03-23,103,11,0,4732
2025-03-23,104,31,1,15798
2025-03-23,105,38,0,7908
2025-03-23,102,20,1,11944
2025-03-24,105,26,0,8246
2025-03-24,103,21,0,4509
2025-03-24,102,30,0,11375
2025-03-25,105,16,0,8757
2025-03-25,103,30,0,4967
2025-03-25,101,11,0,30985
2025-03-25,104,45,1,13380
2025-03-26,102,48,0,12850
2025-03-26,105,33,2,8598
2025-03-26,101,42,0,29915
2025-03-26,104,28,0,13335
2025-03-27,104,18,1,13481
2025-03-27,102,18,0,11691
2025-03-27,105,49,0,7869
2025-03-28,104,47,0,14152
2025-03-28,105,26,2,8169
2025-03-28,103,21,0,5285
2025-03-28,101,17,0,31098
2025-03-29,103,24,0,4546
2025-03-29,104,35,0,15062
2025-03-30,104,31,2,13289
2025-03-30,105,16,0,8886
2025-03-30,102,32,1,12409
2025-03-30,103,48,0,4970
2025-03-31,105,44,0,8221
2025-03-31,104,12,0,14097
2025-03-31,103,32,0,4783
2025-03-31,102,13,1,11488
2025-04-01,103,11,0,5283
2025-04-01,102,39,0,11200
2025-04-01,105,27,2,8698
2025-04-02,103,38,0,4931
2025-04-02,105,25,1,8976
2025-04-02,102,19,0,11526
2025-04-02,101,29,1,28289
2025-04-03,101,13,1,30181
2025-04-03,103,10,2,4540
2025-04-03,104,24,0,14994
2025-04-03,102,21,2,12523
2025-04-04,105,33,0,8420
2025-04-04,101,34,1,27350
2025-04-05,104,19,0,14213
2025-04-05,102,12,1,12529
2025-04-06,104,44,1,15037
2025-04-06,102,33,1,11800
2025-04-06,103,22,0,4983
2025-04-07,103,20,1,4739
2025-04-07,105,37,0,7566
2025-04-08,105,49,2,8602
2025-04-08,103,43,0,4835
2025-04-08,101,17,0,27263
2025-04-09,103,14,3,4555
2025-04-09,102,41,0,12758
2025-04-09,101,12,0,30661
2025-04-10,103,33,1,5092
2025-04-10,102,42,0,11146
2025-04-10,104,22,1,15041
2025-04-10,101,45,0,31064
2025-04-11,104,40,1,13540
2025-04-11,102,39,2,10802
2025-04-11,101,11,1,29740
2025-04-11,103,48,0,4575
2025-04-12,103,40,0,4508
2025-04-12,102,44,0,11412
2025-04-12,104,16,0,15742
2025-04-12,105,37,0,8898
2025-04-13,101,36,0,31163
2025-04-13,103,26,0,4811
2025-04-14,101,38,0,30496
2025-04-14,105,21,0,7533
2025-04-14,104,15,0,15361
2025-04-15,101,43,3,29301
2025-04-15,104,22,1,14591
2025-04-15,105,38,0,7831
2025-04-15,103,11,1,4707
2025-04-16,104,37,1,15601
2025-04-16,102,46,0,11658
2025-04-16,101,14,3,29210
2025-04-16,105,47,0,7819
2025-04-17,103,25,0,4643
2025-04-17,105,34,1,8664
2025-04-18,101,16,0,27708
2025-04-18,105,33,2,8424
2025-04-18,104,24,0,13509
2025-04-18,102,26,0,11334
2025-04-19,105,11,1,7965
2025-04-19,102,22,0,11803
2025-04-20,104,47,0,15034
2025-04-20,101,42,2,31902
2025-04-20,103,20,0,4594
2025-04-21,105,24,0,8427
2025-04-21,103,29,0,5198
2025-04-22,103,42,1,4574
2025-04-22,105,22,0,8095
2025-04-22,102,11,3,11233
2025-04-23,101,49,0,30814
2025-04-23,104,15,0,14827
2025-04-23,105,40,0,8563
2025-04-24,103,16,0,4997
2025-04-24,101,15,1,29442
2025-04-24,105,12,0,7745
2025-04-25,101,32,0,29588
2025-04-25,105,28,3,8005
2025-04-25,104,17,1,14344
2025-04-26,101,28,0,32380
2025-04-26,103,12,0,4862
2025-04-26,105,38,0,7805
2025-04-26,102,16,0,12675
2025-04-27,103,37,0,5388
2025-04-27,105,33,0,8270
2025-04-27,104,45,0,14244
2025-04-27,101,45,1,31863
2025-04-28,101,21,0,29515
2025-04-28,105,30,1,7697
2025-04-28,104,17,0,14788
2025-04-29,101,46,1,29658
2025-04-29,103,23,0,4823
2025-04-29,105,11,0,8478
2025-04-30,103,46,0,5029
2025-04-30,105,21,0,8954
2025-05-01,101,23,0,29423
2025-05-01,104,21,1,14337
2025-05-01,105,29,0,8922
2025-05-01,102,29,0,12107
2025-05-02,102,37,1,12005
2025-05-02,103,29,0,4551
2025-05-02,101,46,2,27212
2025-05-02,104,44,0,15665
2025-05-03,104,21,0,15804
2025-05-03,102,33,0,10837
2025-05-04,105,40,0,8282
2025-05-04,103,32,0,4625
2025-05-05,101,17,2,27507
2025-05-05,103,17,0,4711
2025-05-05,102,31,0,12229
2025-05-06,101,27,0,31692
2025-05-06,104,49,1,13498
2025-05-06,105,34,0,8514
2025-05-06,103,28,2,5244
2025-05-07,105,11,3,7572
2025-05-07,103,18,1,5394
2025-05-08,102,20,1,11672
2025-05-08,103,13,0,5227
2025-05-09,102,20,0,11441
2025-05-09,104,16,0,14056
2025-05-09,103,21,0,5007
2025-05-10,102,41,0,11290
2025-05-10,103,35,0,4651
2025-05-10,105,23,0,8195
2025-05-10,101,12,0,32137
2025-05-11,103,34,0,4858
2025-05-11,102,46,0,11829
2025-05-11,105,32,1,8577
2025-05-12,102,25,0,12739
2025-05-12,105,34,0,8070
2025-05-12,104,13,2,14128
2025-05-12,101,43,0,30333
2025-05-13,105,37,0,7966
2025-05-13,101,45,1,29159
2025-05-14,103,20,0,5273
2025-05-14,105,48,0,8563
2025-05-15,104,45,0,13429
2025-05-15,103,10,0,4973
2025-05-16,104,30,1,13802
2025-05-16,102,18,0,11177
2025-05-16,105,17,1,8334
2025-05-16,101,36,1,28483
2025-05-17,101,34,0,30368
2025-05-17,102,42,0,11130
2025-05-17,103,44,1,4925
2025-05-17,105,30,0,7535
2025-05-18,101,20,0,29110
2025-05-18,102,34,3,11094
2025-05-18,105,30,0,8164
2025-05-18,104,48,1,13241
2025-05-19,101,41,0,27428
2025-05-19,105,49,0,8393
2025-05-19,102,18,0,11289
2025-05-20,103,11,0,4562
2025-05-20,102,41,0,12700
2025-05-21,105,12,0,7578
2025-05-21,104,11,0,15828
2025-05-21,101,32,0,27324
2025-05-22,102,40,1,11168
2025-05-22,103,39,0,5180
2025-05-22,105,26,0,8971
2025-05-23,101,14,1,31150
2025-05-23,102,10,1,11925
2025-05-23,104,15,0,15280
2025-05-23,103,41,0,5243
2025-05-24,103,45,0,4736
2025-05-24,105,11,0,8019
2025-05-24,101,18,0,31456
2025-05-25,103,15,2,4947
2025-05-25,101,31,0,29111
2025-05-25,105,21,2,7674
2025-05-26,101,39,1,27762
2025-05-26,104,16,0,13413
2025-05-26,102,30,0,11132
2025-05-27,101,19,1,27715
2025-05-27,103,42,2,4938
2025-05-27,104,25,1,13661
2025-05-27,105,12,2,8737
2025-05-28,103,13,0,5366
2025-05-28,104,21,2,14341
2025-05-29,103,15,0,4515
2025-05-29,105,11,0,7728
2025-05-30,101,34,0,32372
2025-05-30,104,40,0,15796
2025-05-30,102,28,0,10961
2025-05-30,103,37,0,4590
2025-05-31,101,26,0,28192
2025-05-31,102,38,0,11938
2025-06-01,104,44,0,14293
2025-06-01,105,23,0,8080
2025-06-01,101,14,0,29247
2025-06-01,103,36,0,5211
2025-06-02,101,48,0,28746
2025-06-02,104,35,0,15776
2025-06-03,102,20,0,12623
2025-06-03,103,35,0,5278
2025-06-03,104,27,0,14192
2025-06-04,103,26,0,5348
2025-06-04,104,11,0,13872
2025-06-05,103,20,0,4847
2025-06-05,104,31,0,14820
2025-06-05,101,32,0,27810
2025-06-06,103,32,1,4564
2025-06-06,102,33,0,10876
2025-06-07,101,20,3,32088
2025-06-07,104,37,0,14288
2025-06-08,101,37,1,31225
2025-06-08,104,49,0,14208
2025-06-09,104,23,0,15733
2025-06-09,105,19,1,7939
2025-06-09,102,49,0,11849
2025-06-10,101,24,0,30232
2025-06-10,105,18,0,8148
2025-06-10,103,34,0,4746
2025-06-10,102,29,0,11226
2025-06-11,102,41,0,12699
2025-06-11,103,21,2,4727
2025-06-11,105,22,0,8967
2025-06-12,101,31,1,28454
2025-06-12,102,37,0,11156
2025-06-12,103,38,0,4582
2025-06-13,104,46,0,14542
2025-06-13,102,28,0,11002
2025-06-13,101,34,1,27864
2025-06-14,103,14,1,4750
2025-06-14,105,44,0,8700
2025-06-14,101,34,0,30958
2025-06-15,104,22,0,14583
2025-06-15,101,35,1,31496
2025-06-15,102,23,0,12869
2025-06-15,105,29,0,7723
2025-06-16,104,13,1,15539
2025-06-16,105,44,0,8494
2025-06-16,102,49,0,10862
2025-06-16,101,13,0,29093
2025-06-17,103,33,0,4702
2025-06-17,105,13,0,8229
2025-06-18,101,28,0,27416
2025-06-18,105,31,0,8618
2025-06-18,104,47,0,15378
2025-06-19,103,42,0,4698
2025-06-19,101,37,1,32391
2025-06-19,102,42,0,12174
2025-06-19,104,36,0,15816
2025-06-20,104,19,0,13269
2025-06-20,103,39,1,4745
2025-06-20,105,26,2,8673
2025-06-20,102,28,0,11728
2025-06-21,103,30,0,4934
2025-06-21,102,15,0,10907
2025-06-21,104,48,0,14353
2025-06-21,101,45,1,27858
2025-06-22,103,30,0,4551
2025-06-22,102,39,0,11395
2025-06-23,101,25,1,29428
2025-06-23,103,22,0,4640
2025-06-23,105,45,0,7593
2025-06-23,102,30,0,11687
2025-06-24,101,33,0,32058
2025-06-24,105,35,0,7890
2025-06-24,103,46,3,4730
2025-06-24,104,12,1,13704
2025-06-25,102,21,0,11046
2025-06-25,104,13,0,13434
2025-06-26,102,43,0,11971
2025-06-26,103,48,1,4989
2025-06-26,104,15,0,15435
2025-06-27,104,11,0,15475
2025-06-27,103,48,0,4556
2025-06-27,102,49,0,11568
2025-06-28,104,41,0,13634
2025-06-28,102,13,1,11921
2025-06-28,101,49,1,31749
2025-06-28,105,37,0,8919
2025-06-29,105,11,0,8195
2025-06-29,103,17,0,4851
2025-06-29,101,44,0,30546
2025-06-30,104,14,2,13737
2025-06-30,101,19,0,28926
2025-07-01,103,18,0,5323
2025-07-01,102,49,0,11766
2025-07-02,101,12,0,31844
2025-07-02,105,49,0,8397
2025-07-02,103,17,1,5088
2025-07-03,101,28,1,31339
2025-07-03,103,25,3,4936
2025-07-03,102,30,1,11497
2025-07-03,104,37,1,14328
2025-07-04,102,42,0,12577
2025-07-04,105,35,0,8597
2025-07-04,104,37,1,15362
2025-07-04,101,15,1,28697
2025-07-05,105,33,0,8742
2025-07-05,104,37,0,13845
2025-07-05,101,37,1,27543
2025-07-05,103,30,0,5314
2025-07-06,104,32,0,14130
2025-07-06,101,14,1,31556
2025-07-06,103,36,0,4613
2025-07-06,105,25,0,7972
2025-07-07,103,32,0,4806
2025-07-07,102,34,0,11578
2025-07-07,105,30,0,7955
2025-07-07,104,23,2,13814
2025-07-08,102,27,0,12688
2025-07-08,105,36,0,7666
2025-07-09,103,28,3,4599
2025-07-09,105,29,0,8132
2025-07-09,102,23,2,11404
2025-07-10,104,28,1,13247
2025-07-10,101,16,0,30019
2025-07-11,102,23,0,11059
2025-07-11,105,45,0,7862
2025-07-11,103,42,0,4771
2025-07-11,104,20,0,13797
2025-07-12,105,37,1,8501
2025-07-12,102,31,1,11200
2025-07-12,103,25,0,5215
2025-07-13,101,30,0,27343
2025-07-13,102,29,0,11854
2025-07-13,105,18,2,8503
2025-07-14,103,32,0,4785
2025-07-14,105,21,0,7706
2025-07-15,103,49,2,4900
2025-07-15,105,38,0,8514
2025-07-15,101,37,0,29076
2025-07-15,104,12,0,15709
2025-07-16,102,17,0,10953
2025-07-16,104,34,0,13304
2025-07-16,101,15,0,27756
2025-07-17,102,44,0,12119
2025-07-17,103,29,0,4964
2025-07-17,104,47,1,13330
2025-07-18,103,48,1,5014
2025-07-18,102,18,1,11414
2025-07-18,101,26,0,28864
2025-07-18,105,48,0,7544
2025-07-19,102,10,0,12376
2025-07-19,104,17,2,15085
2025-07-19,101,21,0,28602
2025-07-19,105,35,2,8731
2025-07-20,101,32,0,31706
2025-07-20,104,27,0,14213
2025-07-21,105,37,0,8850
2025-07-21,103,21,0,4819
2025-07-21,101,48,0,30488
2025-07-21,102,19,0,12082
2025-07-22,104,48,1,15111
2025-07-22,101,36,1,29861
2025-07-22,105,12,0,7713
2025-07-23,104,10,0,14254
2025-07-23,105,46,0,8337
2025-07-24,104,37,0,15448
2025-07-24,102,45,0,11394
2025-07-24,105,47,1,8169
2025-07-24,103,43,0,4905
2025-07-25,105,20,0,8056
2025-07-25,102,45,0,11935
2025-07-25,104,43,0,14336
2025-07-25,103,13,0,5185
2025-07-26,105,27,0,8010
2025-07-26,102,40,1,12087
2025-07-26,101,47,1,29867
2025-07-26,103,21,0,4594
2025-07-27,103,33,0,5367
2025-07-27,104,13,0,13751
2025-07-28,101,15,1,29476
2025-07-28,104,39,0,15405
2025-07-28,105,46,2,7970
2025-07-28,102,32,0,12948
2025-07-29,102,26,0,11535
2025-07-29,103,13,3,4930
2025-07-30,103,32,0,4772
2025-07-30,104,41,1,13667
2025-07-31,102,13,0,12053
2025-07-31,105,33,3,7725
2025-08-01,102,26,1,11449
2025-08-01,101,31,0,30351
2025-08-01,105,46,1,7721
2025-08-02,103,36,2,5149
2025-08-02,104,21,0,15169
2025-08-03,103,29,0,4531
2025-08-03,102,15,0,11799
2025-08-03,105,41,0,7953
2025-08-03,101,45,0,28097
2025-08-04,102,26,1,12918
2025-08-04,104,27,0,14789
2025-08-04,101,13,1,29573
2025-08-04,105,18,0,7504
2025-08-05,102,47,0,10866
2025-08-05,104,40,1,15213
2025-08-06,104,19,0,13990
2025-08-06,101,25,1,28800
2025-08-06,103,44,0,5361
2025-08-07,101,35,1,28590
2025-08-07,104,16,0,14102
2025-08-07,102,46,1,11108
2025-08-07,105,49,2,8732
2025-08-08,105,49,0,8584
2025-08-08,102,23,0,11679
2025-08-09,101,22,2,27390
2025-08-09,102,28,0,11447
2025-08-09,104,49,0,15423
2025-08-10,101,22,0,28140
2025-08-10,103,43,0,5223
2025-08-10,105,23,0,7899
2025-08-11,102,10,0,11273
2025-08-11,104,22,0,14144
2025-08-11,101,34,0,31798
2025-08-12,101,29,0,28306
2025-08-12,103,37,0,4772
2025-08-12,104,24,0,14573
2025-08-12,105,22,2,8580
2025-08-13,103,20,0,4862
2025-08-13,101,40,0,31228
2025-08-13,104,27,0,15066
2025-08-13,105,32,0,8200
2025-08-14,103,38,2,5244
2025-08-14,102,28,0,12671
2025-08-14,101,13,1,31816
2025-08-15,104,21,0,13506
2025-08-15,105,32,0,8081
2025-08-16,105,32,0,8813
2025-08-16,102,46,2,12443
2025-08-16,103,26,0,5349
2025-08-16,104,18,0,15264
2025-08-17,103,48,0,4889
2025-08-17,105,27,0,8656
2025-08-18,102,27,0,11698
2025-08-18,105,11,0,8486
2025-08-19,102,43,0,12810
2025-08-19,103,45,1,4784
2025-08-19,105,30,0,8202
2025-08-19,104,10,1,13958
2025-08-20,103,19,0,4589
2025-08-20,102,19,0,11618
2025-08-20,104,33,1,15072
2025-08-20,101,23,0,29661
2025-08-21,105,33,1,8816
2025-08-21,103,35,0,4780
2025-08-21,102,37,0,11274
2025-08-21,104,37,3,13531
2025-08-22,101,43,0,29351
2025-08-22,105,41,0,8659
2025-08-23,105,25,0,8494
2025-08-23,103,22,3,5262
2025-08-23,102,18,0,12592
2025-08-24,103,13,1,5139
2025-08-24,102,38,0,11845
2025-08-24,105,24,0,8507
2025-08-24,104,13,2,15688
2025-08-25,105,41,0,8048
2025-08-25,101,35,0,27760
2025-08-26,104,28,0,15341
2025-08-26,105,49,2,7745
2025-08-26,103,20,0,4810
2025-08-27,102,35,0,10816
2025-08-27,105,20,0,8123
2025-08-27,103,47,0,4717
2025-08-28,103,15,0,5226
2025-08-28,104,27,0,13676
2025-08-29,105,17,0,7574
2025-08-29,101,42,0,32372
2025-08-29,104,20,0,14940
2025-08-29,102,25,0,11876
2025-08-30,103,20,0,5327
2025-08-30,104,32,0,14842
2025-08-30,101,35,0,31478
2025-08-30,105,38,2,8915
2025-08-31,104,17,0,14459
2025-08-31,105,41,0,7848
2025-08-31,102,48,1,12873
2025-08-31,101,31,1,30256
2025-09-01,103,37,0,5070
2025-09-01,105,33,1,7766
2025-09-02,104,38,0,14948
2025-09-02,105,19,2,7730
2025-09-02,101,36,2,29671
2025-09-02,102,34,1,11602
2025-09-03,102,36,0,12143
2025-09-03,104,38,0,14146
2025-09-04,104,29,0,14535
2025-09-04,103,20,1,4705
2025-09-05,105,38,0,8578
2025-09-05,103,30,0,5182
2025-09-06,102,16,1,11666
2025-09-06,101,23,1,29572
2025-09-06,103,24,0,4684
2025-09-06,104,17,0,14075
2025-09-07,105,13,0,8819
2025-09-07,103,10,0,5229
2025-09-07,101,49,0,30924
2025-09-07,102,38,1,12214
2025-09-08,105,32,2,8087
2025-09-08,103,15,0,5375
2025-09-08,104,16,0,13226
2025-09-08,101,29,0,27007
2025-09-09,103,45,1,5263
2025-09-09,101,32,0,31838
2025-09-09,102,46,1,12564
2025-09-09,105,23,0,8005
2025-09-10,105,30,0,8071
2025-09-10,101,40,1,27111
2025-09-10,102,43,1,12060
2025-09-10,103,20,0,4933
2025-09-11,102,30,0,12486
2025-09-11,101,34,0,32251
2025-09-12,101,48,0,31973
2025-09-12,105,32,0,8775
2025-09-12,103,26,0,4546
2025-09-12,104,18,0,14086
2025-09-13,102,21,0,11740
2025-09-13,104,10,0,14473
2025-09-14,105,44,0,8555
2025-09-14,102,23,1,11010
2025-09-14,104,33,1,15357
2025-09-15,102,10,0,11841
2025-09-15,104,49,0,15312
2025-09-16,102,19,1,12262
2025-09-16,101,32,0,31408
2025-09-16,105,46,0,7969
2025-09-16,104,12,1,15792
2025-09-17,105,21,0,7960
2025-09-17,103,36,0,5341
2025-09-17,101,14,1,29184
2025-09-17,104,42,0,14342
2025-09-18,101,48,2,30465
2025-09-18,104,16,0,13725
2025-09-18,102,28,1,12098
2025-09-18,103,29,0,4748
2025-09-19,104,38,3,13472
2025-09-19,103,14,3,4999
2025-09-19,102,27,1,11713
2025-09-20,102,12,0,11843
2025-09-20,105,25,0,8324
2025-09-20,103,47,2,5043
2025-09-20,104,48,0,15643
2025-09-21,105,44,0,7901
2025-09-21,104,43,1,14185
2025-09-21,103,36,0,5135
2025-09-21,102,15,0,11385
2025-09-22,102,35,0,12122
2025-09-22,103,31,2,4506
2025-09-22,101,31,0,29017
2025-09-23,102,13,2,11970
2025-09-23,103,28,2,4859
2025-09-24,101,47,0,27044
2025-09-24,103,44,1,4575
2025-09-25,101,38,0,29367
2025-09-25,102,28,0,12124
2025-09-26,105,49,0,8727
2025-09-26,103,41,2,4526
2025-09-27,104,43,0,14411
2025-09-27,103,12,0,5037
2025-09-28,103,28,0,4754
2025-09-28,101,12,0,31011
2025-09-28,104,36,0,13380
2025-09-29,103,34,0,5278
2025-09-29,102,42,1,12239
2025-09-29,104,30,0,15506
2025-09-30,101,45,0,27779
2025-09-30,103,24,0,5242
2025-09-30,105,31,1,8398
2025-09-30,102,22,0,11885
2025-10-01,104,12,0,14929
2025-10-01,101,10,2,27604
2025-10-02,104,30,1,15102
2025-10-02,103,29,0,5225
2025-10-03,101,32,0,31009
2025-10-03,102,33,1,11464
2025-10-04,101,48,0,28720
2025-10-04,103,18,0,5245
2025-10-04,102,48,0,12655
2025-10-04,104,32,1,15467
2025-10-05,104,38,0,14285
2025-10-05,105,41,0,7844
2025-10-05,102,32,0,12399
2025-10-05,103,30,1,5159
2025-10-06,103,41,1,4717
2025-10-06,104,19,0,14736
2025-10-06,105,43,0,8411
2025-10-07,101,37,0,32325
2025-10-07,104,18,0,14332
2025-10-07,105,28,0,8117
2025-10-08,104,22,1,14866
2025-10-08,103,22,0,4946
2025-10-08,102,38,0,12917
2025-10-09,103,12,0,4957
2025-10-09,104,10,0,15292
2025-10-10,102,38,0,12287
2025-10-10,104,25,0,15109
2025-10-11,104,16,0,13684
2025-10-11,103,11,0,4935
2025-10-12,103,49,0,4752
2025-10-12,101,11,0,31737
2025-10-12,104,21,0,15161
2025-10-12,102,24,0,12200
2025-10-13,104,24,0,15688
2025-10-13,103,38,0,4563
2025-10-14,101,20,0,30827
2025-10-14,104,36,0,15394
2025-10-14,102,18,0,12537
2025-10-15,103,46,0,4815
2025-10-15,102,41,0,11103
2025-10-16,102,16,0,11549
2025-10-16,105,15,1,8862
2025-10-17,104,46,0,15201
2025-10-17,105,21,0,8574
2025-10-17,102,25,0,11477
2025-10-17,101,49,0,31652
2025-10-18,105,25,0,8544
2025-10-18,101,21,0,29434
2025-10-18,103,41,0,4994
2025-10-19,101,10,0,31459
2025-10-19,104,30,0,13777
2025-10-20,105,24,1,8641
2025-10-20,104,15,1,15242
2025-10-20,101,29,0,29334
2025-10-20,103,10,0,4737
2025-10-21,102,14,0,12653
2025-10-21,101,15,0,28085
2025-10-22,104,27,1,13857
2025-10-22,102,47,0,12957
2025-10-22,101,40,1,30640
2025-10-22,103,12,3,4717
2025-10-23,102,20,0,12492
2025-10-23,103,20,0,4572
2025-10-23,104,44,0,13245
2025-10-23,101,33,0,31116
2025-10-24,104,25,0,14262
2025-10-24,101,28,0,32349
2025-10-24,105,28,0,8561
2025-10-24,102,34,0,12089
2025-10-25,105,14,3,8971
2025-10-25,104,13,1,14417
2025-10-25,101,47,0,27288
2025-10-25,103,20,1,4826
2025-10-26,105,30,0,7581
2025-10-26,101,34,0,28486
2025-10-26,103,28,1,5229
2025-10-27,101,26,1,27916
2025-10-27,103,29,0,4522
2025-10-28,101,39,2,30450
2025-10-28,104,35,0,13605
2025-10-28,102,46,1,12187
2025-10-28,105,35,1,7642
2025-10-29,103,35,0,5046
2025-10-29,102,25,0,12089
2025-10-29,101,25,1,31784
2025-10-29,105,36,1,7929
2025-10-30,105,46,1,8433
2025-10-30,102,17,2,12475
2025-10-30,104,29,0,14349
2025-10-30,103,21,1,5267
2025-10-31,104,43,0,13756
2025-10-31,101,43,0,27298
2025-10-31,102,33,0,11161
2025-11-01,105,49,0,7513
2025-11-01,102,32,1,11504
2025-11-02,101,45,0,27337
2025-11-02,105,46,0,8847
2025-11-03,105,37,0,7733
2025-11-03,101,47,1,28639
2025-11-03,104,33,0,13922
2025-11-04,102,40,0,12344
2025-11-04,104,43,0,15114
2025-11-04,103,27,0,5199
2025-11-05,105,48,0,8647
2025-11-05,101,49,0,28053
2025-11-05,104,27,0,14931
2025-11-05,103,21,0,5254
2025-11-06,105,48,0,8643
2025-11-06,104,49,0,15711
2025-11-06,102,46,0,12390
2025-11-06,103,35,1,4862
2025-11-07,104,47,1,13636
2025-11-07,102,12,0,11194
2025-11-07,103,43,2,5043
2025-11-07,105,47,2,8356
2025-11-08,101,21,0,31563
2025-11-08,104,14,0,14976
2025-11-09,104,31,1,14845
2025-11-09,101,29,0,28253
2025-11-10,102,33,0,12788
2025-11-10,104,32,0,13747
2025-11-11,102,37,1,11133
2025-11-11,104,11,1,14554
2025-11-11,105,39,3,8654
2025-11-12,105,39,0,8010
2025-11-12,104,49,0,14968
2025-11-13,102,39,0,11746
2025-11-13,105,10,1,8630
2025-11-13,101,25,0,27267
2025-11-14,104,17,0,13658
2025-11-14,103,10,0,4679
2025-11-15,102,26,0,12001
2025-11-15,101,30,0,32017
2025-11-15,104,15,0,14039
2025-11-15,105,17,1,7851
2025-11-16,104,49,2,13900
2025-11-16,102,26,0,11215
2025-11-16,103,37,1,5352
2025-11-16,105,13,0,8869
2025-11-17,101,26,1,30362
2025-11-17,103,28,0,4805
2025-11-17,102,49,0,12634
2025-11-18,105,21,0,8058
2025-11-18,103,13,0,4648
2025-11-18,101,25,1,28473
2025-11-19,104,12,0,14443
2025-11-19,102,18,1,12428
2025-11-19,103,19,0,4764
2025-11-19,101,12,1,27300
2025-11-20,102,35,1,12649
2025-11-20,105,29,1,7942
2025-11-20,101,10,0,30940
2025-11-20,104,12,0,14335
2025-11-21,103,42,0,5113
2025-11-21,105,24,0,7746
2025-11-22,103,32,0,5338
2025-11-22,104,37,1,14581
2025-11-23,103,17,1,5220
2025-11-23,104,14,0,13399
2025-11-23,101,46,0,32295
2025-11-23,105,38,0,8843
2025-11-24,105,20,0,7654
2025-11-24,102,35,1,12416
2025-11-24,103,37,3,4733
2025-11-25,104,40,0,15026
2025-11-25,105,31,0,8420
2025-11-25,103,10,0,5119
2025-11-25,101,30,1,27412
2025-11-26,103,26,0,4688
2025-11-26,101,26,1,28935
2025-11-26,102,15,0,11194
2025-11-26,104,17,1,15374
2025-11-27,102,44,0,12267
2025-11-27,104,32,0,13286
2025-11-27,103,14,0,4724
2025-11-27,101,27,0,32011
2025-11-28,102,28,1,10895
2025-11-28,101,44,0,28915
2025-11-28,104,45,0,15682
2025-11-29,102,10,0,12420
2025-11-29,104,15,0,14937
2025-11-30,101,37,2,27843
2025-11-30,102,35,0,12699
2025-11-30,103,40,0,4785
2025-11-30,105,24,1,8937
2025-12-01,101,48,0,30401
2025-12-01,105,44,0,7972
2025-12-02,102,43,1,11116
2025-12-02,103,14,0,5348
2025-12-02,104,13,1,14521
2025-12-03,101,18,0,30094
2025-12-03,104,12,1,15081
2025-12-03,105,41,2,8092
2025-12-04,104,15,0,13549
2025-12-04,105,31,1,7898
2025-12-05,104,21,0,15016
2025-12-05,105,18,0,8434
2025-12-05,101,14,0,29950
2025-12-05,103,39,1,4617
2025-12-06,105,39,0,7524
2025-12-06,103,23,0,4802
2025-12-06,104,19,0,13262
2025-12-06,102,30,2,11457
2025-12-07,103,27,0,4535
2025-12-07,105,27,1,8596
2025-12-08,102,21,0,12023
2025-12-08,105,11,0,8303
2025-12-08,103,24,0,5313
2025-12-09,103,26,0,4785
2025-12-09,102,45,1,12809
2025-12-09,101,25,0,27273
2025-12-09,105,21,0,7919
2025-12-10,104,46,1,14478
2025-12-10,105,28,0,7812
2025-12-10,101,46,1,27831
2025-12-11,101,25,0,31467
2025-12-11,103,39,0,5127
2025-12-12,105,45,1,8843
2025-12-12,101,45,0,27600
2025-12-13,102,29,0,12580
2025-12-13,101,27,0,30544
2025-12-13,105,20,0,8506
2025-12-14,103,18,0,5389
2025-12-14,105,28,0,8027
2025-12-15,102,28,3,12458
2025-12-15,103,19,0,4797
2025-12-15,104,26,0,14902
2025-12-15,105,48,2,8533
2025-12-16,104,16,0,15360
2025-12-16,102,40,0,11863
2025-12-17,103,11,0,4960
2025-12-17,105,28,0,8968
2025-12-18,104,12,0,14768
2025-12-18,102,11,1,10811
2025-12-18,105,39,0,7715
2025-12-18,101,41,0,30738
2025-12-19,103,46,0,4691
2025-12-19,102,29,1,11045
2025-12-20,104,49,0,13273
2025-12-20,103,19,0,4732
2025-12-20,105,29,0,8666
2025-12-21,103,11,0,5368
2025-12-21,101,38,1,30196
2025-12-21,102,29,0,11880
2025-12-21,105,19,0,8759
2025-12-22,101,31,0,30859
2025-12-22,103,45,1,5206
2025-12-22,105,45,0,7961
2025-12-23,101,12,0,31084
2025-12-23,103,25,0,5095
2025-12-24,102,32,0,11540
2025-12-24,103,41,1,5331
2025-12-24,101,43,0,31829
2025-12-24,105,32,1,8669
2025-12-25,102,44,0,11349
2025-12-25,105,32,1,8841
2025-12-25,104,29,0,14558
2025-12-25,101,15,1,29073
2025-12-26,102,17,0,11480
2025-12-26,104,32,0,15390
2025-12-26,103,33,0,4578
2025-12-27,105,10,0,8508
2025-12-27,101,15,0,30751
2025-12-27,103,42,0,4615
2025-12-27,102,36,0,12036
2025-12-28,105,47,0,8670
2025-12-28,101,22,0,28536
2025-12-29,103,28,0,4995
2025-12-29,104,35,0,14463
2025-12-29,102,22,0,10985
2025-12-29,101,28,1,32267
2025-12-30,105,20,0,8247
2025-12-30,101,15,0,28661
2025-12-30,104,37,1,15338
2025-12-30,102,16,0,11806
2025-12-31,101,21,0,31921
2025-12-31,103,33,2,5377
