invoice_id,invoice_date,client_id,product_id,invoice_amount,debt_amount,delay_days,penalty_amount
10001,2025-01-01,1,104,176000,0,0,0
10002,2025-01-04,1,102,270000,0,0,0
10003,2025-01-04,5,102,270000,0,15,0
10004,2025-01-07,5,103,37500,0,3,0
10005,2025-01-10,3,104,462000,0,44,0
10006,2025-01-10,4,105,212500,0,0,0
10007,2025-01-13,1,103,75000,0,0,0
10008,2025-01-13,3,105,300000,0,52,0
10009,2025-01-16,1,102,198000,0,0,0
10010,2025-01-16,2,101,585000,0,0,0
10011,2025-01-19,1,105,275000,0,0,0
10012,2025-01-19,3,104,110000,0,15,0
10013,2025-01-22,5,104,132000,0,0,0
10014,2025-01-22,1,104,330000,0,0,0
10015,2025-01-25,2,101,315000,0,0,0
10016,2025-01-28,3,104,484000,0,57,0
10017,2025-01-31,1,102,360000,0,0,0
10018,2025-02-03,3,103,60000,0,51,0
10019,2025-02-06,2,101,360000,0,19,0
10020,2025-02-09,3,102,288000,0,26,0
10021,2025-02-09,4,102,198000,0,0,0
10022,2025-02-12,2,102,306000,0,0,0
10023,2025-02-15,4,103,67500,0,0,0
10024,2025-02-15,5,101,630000,0,22,0
10025,2025-02-18,5,104,242000,0,0,0
10026,2025-02-18,5,104,110000,0,4,0
10027,2025-02-21,4,105,200000,0,0,0
10028,2025-02-21,3,103,165000,0,52,0
10029,2025-02-24,2,101,720000,0,20,0
10030,2025-02-27,3,104,484000,0,36,0
10031,2025-02-27,2,104,220000,0,14,0
10032,2025-03-02,1,105,250000,0,0,0
10033,2025-03-05,4,104,506000,0,0,0
10034,2025-03-08,2,105,112500,0,12,0
10035,2025-03-11,2,105,175000,0,4,0
10036,2025-03-14,5,103,142500,0,0,0
10037,2025-03-17,2,104,418000,0,24,0
10038,2025-03-20,4,105,287500,0,0,0
10039,2025-03-20,2,104,418000,0,0,0
10040,2025-03-23,5,103,127500,0,0,0
10041,2025-03-26,5,103,150000,0,0,0
10042,2025-03-29,5,105,137500,0,4,0
10043,2025-03-29,2,101,945000,0,0,0
10044,2025-04-01,3,101,990000,0,26,0
10045,2025-04-01,1,101,810000,0,0,0
10046,2025-04-04,1,104,330000,0,0,0
10047,2025-04-04,5,103,165000,0,2,0
10048,2025-04-07,4,102,414000,0,0,0
10049,2025-04-10,4,104,110000,0,0,0
10050,2025-04-13,1,102,360000,0,0,0
10051,2025-04-13,2,105,212500,0,0,0
10052,2025-04-16,4,102,342000,0,0,0
10053,2025-04-19,2,105,275000,0,1,0
10054,2025-04-19,5,102,342000,0,0,0
10055,2025-04-22,3,105,225000,0,28,0
10056,2025-04-25,5,104,286000,0,0,0
10057,2025-04-25,3,103,172500,0,69,0
10058,2025-04-28,4,104,110000,0,0,0
10059,2025-04-28,4,103,180000,0,0,0
10060,2025-05-01,2,103,45000,0,24,0
10061,2025-05-04,5,104,440000,0,17,0
10062,2025-05-04,3,104,374000,0,60,0
10063,2025-05-07,4,105,150000,0,0,0
10064,2025-05-07,1,103,112500,0,0,0
10065,2025-05-10,5,103,165000,0,12,0
10066,2025-05-13,1,105,137500,0,0,0
10067,2025-05-16,2,103,142500,0,0,0
10068,2025-05-16,2,104,220000,0,16,0
10069,2025-05-19,5,105,150000,0,2,0
10070,2025-05-22,4,105,262500,0,0,0
10071,2025-05-25,1,102,396000,0,0,0
10072,2025-05-25,3,101,450000,0,20,0
10073,2025-05-28,3,102,216000,0,17,0
10074,2025-05-31,5,103,37500,0,13,0
10075,2025-06-03,2,101,1080000,0,13,0
10076,2025-06-06,3,101,360000,0,39,0
10077,2025-06-09,1,104,330000,0,0,0
10078,2025-06-12,2,105,287500,0,12,0
10079,2025-06-15,1,103,97500,0,0,0
10080,2025-06-18,3,101,270000,0,69,0
10081,2025-06-18,2,102,306000,0,0,0
10082,2025-06-21,2,101,900000,0,20,0
10083,2025-06-24,2,101,1080000,0,7,0
10084,2025-06-24,4,104,286000,0,0,0
10085,2025-06-27,1,105,162500,0,0,0
10086,2025-06-27,1,103,180000,0,0,0
10087,2025-06-30,5,104,418000,0,7,0
10088,2025-07-03,2,105,212500,0,0,0
10089,2025-07-06,5,102,234000,0,0,0
10090,2025-07-06,3,101,675000,0,56,0
10091,2025-07-09,4,105,200000,0,0,0
10092,2025-07-12,4,101,1080000,0,0,0
10093,2025-07-12,2,104,242000,0,10,0
10094,2025-07-15,5,102,414000,0,0,0
10095,2025-07-18,1,102,432000,0,0,0
10096,2025-07-21,1,105,75000,0,0,0
10097,2025-07-24,4,102,180000,0,0,0
10098,2025-07-24,2,103,165000,0,0,0
10099,2025-07-27,4,105,287500,0,0,0
10100,2025-07-27,1,104,418000,0,0,0
10101,2025-07-30,3,101,1035000,0,21,0
10102,2025-08-02,3,101,900000,0,65,0
10103,2025-08-02,2,104,440000,0,8,0
10104,2025-08-05,1,105,212500,0,0,0
10105,2025-08-05,3,102,108000,0,50,0
10106,2025-08-08,2,105,262500,0,13,0
10107,2025-08-11,2,103,45000,0,17,0
10108,2025-08-14,3,105,225000,0,65,0
10109,2025-08-17,5,103,90000,0,9,0
10110,2025-08-17,3,101,765000,0,15,0
10111,2025-08-20,4,103,52500,0,0,0
10112,2025-08-23,3,101,900000,0,58,0
10113,2025-08-23,1,103,112500,0,0,0
10114,2025-08-26,1,102,144000,0,0,0
10115,2025-08-29,3,101,315000,0,62,0
10116,2025-09-01,3,104,418000,0,76,0
10117,2025-09-04,4,105,262500,0,0,0
10118,2025-09-07,2,102,324000,0,4,0
10119,2025-09-10,3,102,144000,0,22,0
10120,2025-09-13,3,105,162500,0,75,0
10121,2025-09-16,4,101,765000,0,0,0
10122,2025-09-16,2,104,396000,0,18,0
10123,2025-09-19,2,105,125000,0,3,0
10124,2025-09-19,3,102,378000,0,70,0
10125,2025-09-22,5,104,154000,0,5,0
10126,2025-09-22,2,102,378000,0,6,0
10127,2025-09-25,2,102,144000,0,10,0
10128,2025-09-25,2,101,495000,0,14,0
10129,2025-09-28,5,104,440000,0,0,0
10130,2025-10-01,2,101,270000,0,0,0
10131,2025-10-04,4,102,180000,0,0,0
10132,2025-10-07,2,101,225000,0,0,0
10133,2025-10-10,4,104,484000,0,0,0
10134,2025-10-10,3,101,630000,630000,52,32760
10135,2025-10-13,2,102,252000,0,13,0
10136,2025-10-13,1,105,275000,0,0,0
10137,2025-10-16,5,103,82500,0,6,0
10138,2025-10-19,2,103,45000,0,0,0
10139,2025-10-22,2,102,198000,0,0,0
10140,2025-10-25,2,101,360000,0,18,0
10141,2025-10-25,5,102,324000,0,0,0
10142,2025-10-28,4,102,414000,0,0,0
10143,2025-10-31,4,103,75000,0,0,0
10144,2025-10-31,1,101,945000,0,0,0
10145,2025-11-03,3,101,315000,315000,28,8820
10146,2025-11-06,3,104,506000,506000,25,12650
10147,2025-11-06,1,102,378000,0,0,0
10148,2025-11-09,1,103,172500,0,0,0
10149,2025-11-09,2,103,165000,0,0,0
10150,2025-11-12,5,105,125000,0,0,0
10151,2025-11-12,3,101,900000,900000,19,17100
10152,2025-11-15,4,101,360000,0,0,0
10153,2025-11-15,3,101,495000,495000,16,7920
10154,2025-11-18,2,105,100000,0,3,0
10155,2025-11-18,3,102,252000,252000,13,3276
10156,2025-11-21,4,101,1080000,0,0,0
10157,2025-11-24,5,102,180000,180000,7,1260
10158,2025-11-24,5,101,765000,0,0,0
10159,2025-11-27,4,103,37500,0,0,0
10160,2025-11-30,5,103,67500,0,0,0
10161,2025-11-30,2,101,900000,900000,1,900
10162,2025-12-03,5,102,126000,126000,0,0
10163,2025-12-03,5,102,90000,90000,0,0
10164,2025-12-06,2,103,82500,0,0,0
10165,2025-12-06,5,104,220000,220000,0,0
10166,2025-12-09,4,105,262500,0,0,0
10167,2025-12-09,2,103,142500,142500,0,0
10168,2025-12-12,3,104,462000,462000,0,0
10169,2025-12-15,2,102,144000,144000,0,0
10170,2025-12-15,1,104,110000,0,0,0
10171,2025-12-18,1,105,250000,250000,0,0
10172,2025-12-18,1,105,150000,150000,0,0
10173,2025-12-21,5,101,270000,270000,0,0
10174,2025-12-24,1,104,462000,462000,0,0
10175,2025-12-24,2,103,165000,165000,0,0
10176,2025-12-27,1,102,252000,252000,0,0
10177,2025-12-30,2,101,585000,585000,0,0
